{
  "csv_path": "dataset/Renewable_energy_dataset.csv",
  "timestamp_column": "timestamp",
  "target_column": "total_renewable_energy",
  "rows": 3546,
  "columns": [
    "timestamp",
    "solar_pv_output",
    "wind_power_output",
    "total_renewable_energy",
    "solar_irradiance",
    "wind_speed",
    "temperature",
    "humidity",
    "atmospheric_pressure",
    "grid_load_demand",
    "frequency",
    "voltage",
    "power_exchange",
    "battery_state_of_charge",
    "battery_charging_rate",
    "battery_discharging_rate",
    "hour_of_day",
    "day_of_week",
    "hour",
    "dayofweek",
    "hour_sin",
    "hour_cos",
    "dow_sin",
    "dow_cos",
    "total_renewable_energy_lag1",
    "total_renewable_energy_lag24",
    "total_renewable_energy_roll_mean_24",
    "solar_irradiance_lag1",
    "wind_speed_lag1",
    "temperature_lag1",
    "humidity_lag1",
    "atmospheric_pressure_lag1",
    "battery_state_of_charge_lag1",
    "solar_pv_output_lag1",
    "wind_power_output_lag1"
  ],
  "feature_columns_used": [
    "hour_sin",
    "hour_cos",
    "dow_sin",
    "dow_cos",
    "total_renewable_energy_lag1",
    "total_renewable_energy_lag24",
    "total_renewable_energy_roll_mean_24",
    "solar_irradiance_lag1",
    "wind_speed_lag1",
    "temperature_lag1",
    "humidity_lag1",
    "atmospheric_pressure_lag1",
    "battery_state_of_charge_lag1",
    "solar_pv_output_lag1",
    "wind_power_output_lag1"
  ],
  "outputs": {
    "metrics_csv": "outputs\\metrics.csv",
    "timeseries_png": "outputs\\timeseries_target.png",
    "corr_heatmap_png": "outputs\\corr_heatmap.png",
    "rf_top15_png": "outputs\\rf_top15.png",
    "xgb_top15_png": null
  }
}